<?xml version="1.0" encoding="UTF-8"?>
<!DOCTYPE mapper PUBLIC "-//mybatis.org//DTD Mapper 3.0//EN" "http://mybatis.org/dtd/mybatis-3-mapper.dtd">
<mapper namespace="com.bananalab.corecloud.mybatis.mapper.CleanerMapper">

    <!-- 通用查询映射结果 -->
    <resultMap id="BaseResultMap" type="com.bananalab.corecloud.mybatis.model.Cleaner">
        <id column="id" property="id" />
        <result column="name" property="name" />
        <result column="region" property="region" />
        <result column="floor" property="floor" />
        <result column="work_time" property="workTime" />
    </resultMap>

    <!-- 通用查询结果列 -->
    <sql id="Base_Column_List">
        id, name, region, floor, work_time
    </sql>

</mapper>
