<?xml version="1.0" encoding="UTF-8"?>
<!DOCTYPE mapper PUBLIC "-//mybatis.org//DTD Mapper 3.0//EN" "http://mybatis.org/dtd/mybatis-3-mapper.dtd">
<mapper namespace="com.bananalab.corecloud.mybatis.mapper.EquipMapper">

    <!-- 通用查询映射结果 -->
    <resultMap id="BaseResultMap" type="com.bananalab.corecloud.mybatis.model.Equip">
        <id column="id" property="id" />
        <result column="equip_num" property="equipNum" />
        <result column="plot_time" property="plotTime" />
        <result column="status" property="status" />
        <result column="video_url" property="videoUrl" />
        <result column="mtc_time" property="mtcTime" />
        <result column="repair" property="repair" />
        <result column="fid" property="fid" />
        <result column="xpos" property="xpos" />
        <result column="ypos" property="ypos" />
        <result column="type_id" property="typeId" />
        <result column="floor" property="floor" />
        <result column="region" property="region" />
    </resultMap>

    <!-- 通用查询结果列 -->
    <sql id="Base_Column_List">
        id, equip_num, plot_time, status, video_url, mtc_time, repair, fid, xpos, ypos, type_id, floor, region
    </sql>

</mapper>
