<?xml version="1.0" encoding="UTF-8"?>
<!DOCTYPE mapper PUBLIC "-//mybatis.org//DTD Mapper 3.0//EN" "http://mybatis.org/dtd/mybatis-3-mapper.dtd">
<mapper namespace="com.bananalab.corecloud.mybatis.mapper.MarketDataMapper">

    <!-- 通用查询映射结果 -->
    <resultMap id="BaseResultMap" type="com.bananalab.corecloud.mybatis.model.MarketData">
        <id column="id" property="id" />
        <result column="sale" property="sale" />
        <result column="time" property="time" />
        <result column="flow" property="flow" />
    </resultMap>

    <!-- 通用查询结果列 -->
    <sql id="Base_Column_List">
        id, sale, time, flow
    </sql>

</mapper>
