<?xml version="1.0" encoding="UTF-8"?>
<!DOCTYPE mapper PUBLIC "-//mybatis.org//DTD Mapper 3.0//EN" "http://mybatis.org/dtd/mybatis-3-mapper.dtd">
<mapper namespace="com.bananalab.corecloud.mybatis.mapper.StoreDataMapper">

    <!-- 通用查询映射结果 -->
    <resultMap id="BaseResultMap" type="com.bananalab.corecloud.mybatis.model.StoreData">
        <id column="id" property="id" />
        <result column="fid" property="fid" />
        <result column="flow" property="flow" />
        <result column="sale" property="sale" />
        <result column="water" property="water" />
        <result column="electric" property="electric" />
        <result column="gas" property="gas" />
        <result column="time" property="time" />
        <result column="plateau" property="plateau" />
        <result column="collect" property="collect" />
        <result column="value" property="value" />
        <result column="trans" property="trans" />
    </resultMap>

    <!-- 通用查询结果列 -->
    <sql id="Base_Column_List">
        id, fid, flow, sale, water, electric, gas, time, plateau, collect, value, trans
    </sql>

</mapper>
