<?xml version="1.0" encoding="UTF-8"?>
<!DOCTYPE mapper PUBLIC "-//mybatis.org//DTD Mapper 3.0//EN" "http://mybatis.org/dtd/mybatis-3-mapper.dtd">
<mapper namespace="com.bananalab.corecloud.mybatis.mapper.StoreMapper">

    <!-- 通用查询映射结果 -->
    <resultMap id="BaseResultMap" type="com.bananalab.corecloud.mybatis.model.Store">
        <id column="id" property="id" />
        <result column="fid" property="fid" />
        <result column="market_num" property="marketNum" />
        <result column="name" property="name" />
        <result column="tenant_id" property="tenantId" />
        <result column="total_area" property="totalArea" />
        <result column="usable_area" property="usableArea" />
        <result column="spec" property="spec" />
        <result column="status" property="status" />
        <result column="pic_url" property="picUrl" />
        <result column="xpos" property="xpos" />
        <result column="ypos" property="ypos" />
        <result column="pic_id" property="picId" />
        <result column="type_id" property="typeId" />
        <result column="pote_id" property="poteId" />
        <result column="sub_id" property="subId" />
        <result column="expect_rent" property="expectRent" />
        <result column="floor" property="floor" />
        <result column="region" property="region" />
        <result column="build_url" property="buildUrl" />
        <result column="length" property="length" />
        <result column="width" property="width" />
        <result column="height" property="height" />
        <result column="deadline" property="deadline" />
    </resultMap>

    <!-- 通用查询结果列 -->
    <sql id="Base_Column_List">
        id, fid, market_num, name, tenant_id, total_area, usable_area, spec, status, pic_url, xpos, ypos, pic_id, type_id, pote_id, sub_id, expect_rent, floor, region, build_url, length, width, height, deadline
    </sql>

</mapper>
